{"cameraMode":{"drawMode":0,"name":"Shaded","section":"Shading Mode"},"sceneLighting":true,"audioPlay":false,"sceneViewState":{"m_AlwaysRefresh":false,"showFog":true,"showSkybox":true,"showFlares":true,"showImageEffects":true,"showParticleSystems":true,"showVisualEffectGraphs":true,"m_FxEnabled":true},"in2DMode":false,"pivot":{"x":0.1628599464893341,"y":10.458391189575196,"z":-9.104527473449707},"rotation":{"x":0.22456809878349305,"y":0.001461685635149479,"z":-0.000336853030603379,"w":0.9744570851325989},"size":13.652679443359375,"orthographic":false}