{"cameraMode":{"drawMode":0,"name":"Shaded","section":"Shading Mode"},"sceneLighting":false,"audioPlay":false,"sceneViewState":{"m_AlwaysRefresh":false,"showFog":true,"showSkybox":false,"showFlares":true,"showImageEffects":true,"showParticleSystems":true,"showVisualEffectGraphs":true,"m_FxEnabled":true},"in2DMode":false,"pivot":{"x":5.4949140548706059,"y":1.2860000133514405,"z":-8.715265274047852},"rotation":{"x":0.13496331870555879,"y":-0.5820450782775879,"z":0.09871401637792587,"w":0.7957792282104492},"size":2.3178093433380129,"orthographic":false}